{"cameraMode":{"drawMode":0,"name":"Shaded","section":"Shading Mode"},"sceneLighting":true,"audioPlay":false,"sceneViewState":{"showFog":true,"showMaterialUpdate":false,"showSkybox":true,"showFlares":true,"showImageEffects":true,"showParticleSystems":true},"in2DMode":false,"pivot":{"x":4.180000305175781,"y":0.0,"z":-1.6100001335144044},"rotation":{"x":0.2675674259662628,"y":-0.015907369554042817,"z":0.0043847463093698029,"w":0.9634241461753845},"size":23.334524154663087,"orthographic":false}